guid,author,title,category,pub_date,link,first_seen
2758435766617629,NYCEM [Yiddish],Notify NYC - וואסער הויפּטרער אינצידענט,Infra,"Mon, 28 Sep 2026 22:06:05 GMT",https://feeds.everbridge.net/feeds/453003085617722/cap/6abae4cdee3f8bbcd8e2a7e8.xml,2026-09-28T22:21:33+00:00
2758435766617628,NYCEM [Urdu],Notify NYC - پانی کی مرکزی پائپ لائن کی صورتحال,Infra,"Mon, 28 Sep 2026 22:06:05 GMT",https://feeds.everbridge.net/feeds/453003085617722/cap/6abae4cdee3f8bbcd8e2a7e9.xml,2026-09-28T22:21:33+00:00
2758435766617627,NYCEM [Spanish],Notify NYC - Problema del acueducto principal,Infra,"Mon, 28 Sep 2026 22:06:05 GMT",https://feeds.everbridge.net/feeds/453003085617722/cap/6abae4cd7a9f805a1720f6f8.xml,2026-09-28T22:21:33+00:00
2758435766617626,NYCEM [Russian],Notify NYC - Ремонт водопроводной сети,Infra,"Mon, 28 Sep 2026 22:06:05 GMT",https://feeds.everbridge.net/feeds/453003085617722/cap/6abae4cd1d07ff124e20e779.xml,2026-09-28T22:21:33+00:00
2758435766617624,NYCEM [Polish],Notify NYC - Stan sieci wodociągowej,Safety,"Mon, 28 Sep 2026 22:06:05 GMT",https://feeds.everbridge.net/feeds/453003085617722/cap/6abae4cd7a9f805a1720f6f7.xml,2026-09-28T22:21:33+00:00
2758435766617623,NYCEM [Korean],Notify NYC -수도관 파열,Infra,"Mon, 28 Sep 2026 22:06:05 GMT",https://feeds.everbridge.net/feeds/453003085617722/cap/6abae4cd7a9f805a1720f6f9.xml,2026-09-28T22:21:33+00:00
2758435766617622,NYCEM [Italian],Notify NYC - Condizioni idriche,Infra,"Mon, 28 Sep 2026 22:06:05 GMT",https://feeds.everbridge.net/feeds/453003085617722/cap/6abae4cd1d07ff124e20e77a.xml,2026-09-28T22:21:33+00:00
2758435766617621,NYCEM [Haitian Creole],Notify NYC - Pwoblèm Dlo Prensipal,Infra,"Mon, 28 Sep 2026 22:06:05 GMT",https://feeds.everbridge.net/feeds/453003085617722/cap/6abae4cdee3f8bbcd8e2a7ea.xml,2026-09-28T22:21:33+00:00
2758435766617620,NYCEM [French],Notify NYC - Perturbation de conduite d’eau,Infra,"Mon, 28 Sep 2026 22:06:05 GMT",https://feeds.everbridge.net/feeds/453003085617722/cap/6abae4cd1d07ff124e20e778.xml,2026-09-28T22:21:33+00:00
2758435766617619,NYCEM [Chinese],Notify NYC - 主輸水管情況,Infra,"Mon, 28 Sep 2026 22:06:00 GMT",https://feeds.everbridge.net/feeds/453003085617722/cap/6abae4c87a9f805a1720f6f3.xml,2026-09-28T22:21:33+00:00
2758435766617618,NYCEM [Bengali],Notify NYC - পানি সরবরাহের অবস্থা,Infra,"Mon, 28 Sep 2026 22:06:00 GMT",https://feeds.everbridge.net/feeds/453003085617722/cap/6abae4c81d07ff124e20e774.xml,2026-09-28T22:21:33+00:00
2758435766617616,NYCEM [Arabic],Notify NYC - حالة الخط الرئيسي للمياه,Infra,"Mon, 28 Sep 2026 22:06:00 GMT",https://feeds.everbridge.net/feeds/453003085617722/cap/6abae4c87a9f805a1720f6f2.xml,2026-09-28T22:21:33+00:00
2753625403236606,NYCEM [English],Notify NYC - Water Condition - W 177th St & W Tremont Ave (BX),Infra,"Mon, 28 Sep 2026 22:04:55 GMT",https://feeds.everbridge.net/feeds/453003085617722/cap/6abae4877a9f805a1720f6e4.xml,2026-09-28T22:21:33+00:00
2753625403244184,NYCEM [Yiddish],Notify NYC - שריפה,Fire,"Tue, 29 Sep 2026 09:20:10 GMT",https://feeds.everbridge.net/feeds/453003085617722/cap/6abb82ca7a9f805a17210e86.xml,2026-09-29T09:27:05+00:00
2753625403244183,NYCEM [Urdu],Notify NYC - آتشزدگی,Fire,"Tue, 29 Sep 2026 09:20:05 GMT",https://feeds.everbridge.net/feeds/453003085617722/cap/6abb82c51d07ff124e20ff55.xml,2026-09-29T09:27:05+00:00
2753625403244182,NYCEM [Spanish],Notify NYC - Incendio,Safety,"Tue, 29 Sep 2026 09:20:05 GMT",https://feeds.everbridge.net/feeds/453003085617722/cap/6abb82c5ee3f8bbcd8e2bf0b.xml,2026-09-29T09:27:05+00:00
2753625403244180,NYCEM [Russian],Notify NYC - Пожар,Safety,"Tue, 29 Sep 2026 09:20:06 GMT",https://feeds.everbridge.net/feeds/453003085617722/cap/6abb82c6ee3f8bbcd8e2bf0f.xml,2026-09-29T09:27:05+00:00
2753625403244178,NYCEM [Korean],Notify NYC - 화재,Fire,"Tue, 29 Sep 2026 09:20:05 GMT",https://feeds.everbridge.net/feeds/453003085617722/cap/6abb82c5ee3f8bbcd8e2bf0d.xml,2026-09-29T09:27:05+00:00
2753625403244177,NYCEM [Italian],Notify NYC -  Incendio,Fire,"Tue, 29 Sep 2026 09:20:05 GMT",https://feeds.everbridge.net/feeds/453003085617722/cap/6abb82c57a9f805a17210e83.xml,2026-09-29T09:27:05+00:00
2753625403244176,NYCEM [Haitian Creole],Notify NYC -  Dife,Geo,"Tue, 29 Sep 2026 09:20:05 GMT",https://feeds.everbridge.net/feeds/453003085617722/cap/6abb82c51d07ff124e20ff53.xml,2026-09-29T09:27:05+00:00
2753625403244175,NYCEM [French],Notify NYC - Incendie,Safety,"Tue, 29 Sep 2026 09:20:05 GMT",https://feeds.everbridge.net/feeds/453003085617722/cap/6abb82c5ee3f8bbcd8e2bf0c.xml,2026-09-29T09:27:05+00:00
2753625403244174,NYCEM [Chinese],Notify NYC - 通用,Safety,"Tue, 29 Sep 2026 09:20:05 GMT",https://feeds.everbridge.net/feeds/453003085617722/cap/6abb82c57a9f805a17210e84.xml,2026-09-29T09:27:05+00:00
2753625403244173,NYCEM [Bengali],Notify NYC - অগ্নিকাণ্ড,Fire,"Tue, 29 Sep 2026 09:20:00 GMT",https://feeds.everbridge.net/feeds/453003085617722/cap/6abb82c01d07ff124e20ff51.xml,2026-09-29T09:27:05+00:00
2753625403244172,NYCEM [Arabic],Notify NYC - عام,Fire,"Tue, 29 Sep 2026 09:20:01 GMT",https://feeds.everbridge.net/feeds/453003085617722/cap/6abb82c1ee3f8bbcd8e2bf07.xml,2026-09-29T09:27:05+00:00
2754793634362080,NYCEM [English],Notify NYC - Three Alarm Fire - Hillside Avenue (QN),Fire,"Tue, 29 Sep 2026 09:17:36 GMT",https://feeds.everbridge.net/feeds/453003085617722/cap/6abb82301d07ff124e20ff39.xml,2026-09-29T09:27:05+00:00
