cdta2020,slug,borocd,puma2020,puma_shared,hvi_geoid,county_fips,boro_code,boro_name,cd_label,display_name,coad,cdta_name
BK01,bk01,301,4301,FALSE,4701,047,3,Brooklyn,Community District 1,Williamsburg-Greenpoint,,BK01 Williamsburg-Greenpoint (CD 1 Equivalent)
BK02,bk02,302,4302,FALSE,4702,047,3,Brooklyn,Community District 2,Downtown Brooklyn-Fort Greene,,BK02 Downtown Brooklyn-Fort Greene (CD 2 Approximation)
BK03,bk03,303,4303,FALSE,4703,047,3,Brooklyn,Community District 3,Bedford-Stuyvesant,,BK03 Bedford-Stuyvesant (CD 3 Approximation)
BK04,bk04,304,4304,FALSE,4704,047,3,Brooklyn,Community District 4,Bushwick,,BK04 Bushwick (CD 4 Equivalent)
BK05,bk05,305,4305,FALSE,4705,047,3,Brooklyn,Community District 5,East New York-Cypress Hills,,BK05 East New York-Cypress Hills (CD 5 Approximation)
BK06,bk06,306,4306,FALSE,4706,047,3,Brooklyn,Community District 6,Park Slope-Carroll Gardens,,BK06 Park Slope-Carroll Gardens (CD 6 Approximation)
BK07,bk07,307,4307,FALSE,4707,047,3,Brooklyn,Community District 7,Sunset Park-Windsor Terrace,,BK07 Sunset Park-Windsor Terrace (CD 7 Approximation)
BK08,bk08,308,4308,FALSE,4708,047,3,Brooklyn,Community District 8,Crown Heights (North),,BK08 Crown Heights (North) (CD 8 Approximation)
BK09,bk09,309,4309,FALSE,4709,047,3,Brooklyn,Community District 9,Crown Heights (South),,BK09 Crown Heights (South) (CD 9 Approximation)
BK10,bk10,310,4310,FALSE,4710,047,3,Brooklyn,Community District 10,Bay Ridge-Dyker Heights,,BK10 Bay Ridge-Dyker Heights (CD 10 Approximation)
BK11,bk11,311,4311,FALSE,4711,047,3,Brooklyn,Community District 11,Bensonhurst-Bath Beach,,BK11 Bensonhurst-Bath Beach (CD 11 Approximation)
BK12,bk12,312,4312,FALSE,4712,047,3,Brooklyn,Community District 12,Borough Park-Kensington,,BK12 Borough Park-Kensington (CD 12 Approximation)
BK13,bk13,313,4313,FALSE,4713,047,3,Brooklyn,Community District 13,Coney Island-Brighton Beach,,BK13 Coney Island-Brighton Beach (CD 13 Approximation)
BK14,bk14,314,4314,FALSE,4714,047,3,Brooklyn,Community District 14,Flatbush-Midwood,,BK14 Flatbush-Midwood (CD 14 Approximation)
BK15,bk15,315,4315,FALSE,4715,047,3,Brooklyn,Community District 15,Sheepshead Bay-Gravesend (East),,BK15 Sheepshead Bay-Gravesend (East) (CD 15 Approximation)
BK16,bk16,316,4316,FALSE,4716,047,3,Brooklyn,Community District 16,Ocean Hill-Brownsville,,BK16 Ocean Hill-Brownsville (CD 16 Approximation)
BK17,bk17,317,4317,FALSE,4717,047,3,Brooklyn,Community District 17,East Flatbush,,BK17 East Flatbush (CD 17 Approximation)
BK18,bk18,318,4318,FALSE,4718,047,3,Brooklyn,Community District 18,Canarsie-Flatlands,,BK18 Canarsie-Flatlands (CD 18 Approximation)
BX01,bx01,201,4221,TRUE,501,005,2,Bronx,Community District 1,Melrose-Mott Haven-Port Morris,,BX01 Melrose-Mott Haven-Port Morris (CD 1 Approximation)
BX02,bx02,202,4221,TRUE,502,005,2,Bronx,Community District 2,Longwood-Hunts Point,,BX02 Longwood-Hunts Point (CD 2 Approximation)
BX03,bx03,203,4263,TRUE,503,005,2,Bronx,Community District 3,Morrisania-Crotona Park East,,BX03 Morrisania-Crotona Park East (CD 3 Approximation)
BX04,bx04,204,4204,FALSE,504,005,2,Bronx,Community District 4,Highbridge-Concourse,,BX04 Highbridge-Concourse (CD 4 Approximation)
BX05,bx05,205,4205,FALSE,505,005,2,Bronx,Community District 5,Morris Heights-Mount Hope,,BX05 Morris Heights-Mount Hope (CD 5 Approximation)
BX06,bx06,206,4263,TRUE,506,005,2,Bronx,Community District 6,Tremont-Belmont-West Farms,,BX06 Tremont-Belmont-West Farms (CD 6 Approximation)
BX07,bx07,207,4207,FALSE,507,005,2,Bronx,Community District 7,Fordham-Bedford Park-Norwood,,BX07 Fordham-Bedford Park-Norwood (CD 7 Approximation)
BX08,bx08,208,4208,FALSE,508,005,2,Bronx,Community District 8,Riverdale-Kingsbridge-Marble Hill,,BX08 Riverdale-Kingsbridge-Marble Hill (CD 8 Approximation)
BX09,bx09,209,4209,FALSE,509,005,2,Bronx,Community District 9,Soundview-Parkchester,,BX09 Soundview-Parkchester (CD 9 Approximation)
BX10,bx10,210,4210,FALSE,510,005,2,Bronx,Community District 10,Co-op City-Throgs Neck,,BX10 Co-op City-Throgs Neck (CD 10 Approximation)
BX11,bx11,211,4211,FALSE,511,005,2,Bronx,Community District 11,Pelham Parkway-Morris Park,,BX11 Pelham Parkway-Morris Park (CD 11 Approximation)
BX12,bx12,212,4212,FALSE,512,005,2,Bronx,Community District 12,Wakefield-Williamsbridge-Eastchester,,BX12 Wakefield-Williamsbridge-Eastchester (CD 12 Approximation)
MN01,mn01,101,4121,TRUE,6101,061,1,Manhattan,Community District 1,Financial District-Tribeca,,MN01 Financial District-Tribeca (CD 1 Equivalent)
MN02,mn02,102,4121,TRUE,6102,061,1,Manhattan,Community District 2,Greenwich Village-SoHo,,MN02 Greenwich Village-SoHo (CD 2 Equivalent)
MN03,mn03,103,4103,FALSE,6103,061,1,Manhattan,Community District 3,Lower East Side-Chinatown,,MN03 Lower East Side-Chinatown (CD 3 Equivalent)
MN04,mn04,104,4104,FALSE,6104,061,1,Manhattan,Community District 4,Chelsea-Hell's Kitchen,,MN04 Chelsea-Hell's Kitchen (CD 4 Approximation)
MN05,mn05,105,4165,TRUE,6105,061,1,Manhattan,Community District 5,Midtown-Flatiron-Union Square,,MN05 Midtown-Flatiron-Union Square (CD 5 Approximation)
MN06,mn06,106,4165,TRUE,6106,061,1,Manhattan,Community District 6,East Midtown-Murray Hill,,MN06 East Midtown-Murray Hill (CD 6 Approximation)
MN07,mn07,107,4107,FALSE,6107,061,1,Manhattan,Community District 7,Upper West Side,,MN07 Upper West Side (CD 7 Approximation)
MN08,mn08,108,4108,FALSE,6108,061,1,Manhattan,Community District 8,Upper East Side-Roosevelt Island,,MN08 Upper East Side-Roosevelt Island (CD 8 Equivalent)
MN09,mn09,109,4109,FALSE,6109,061,1,Manhattan,Community District 9,Morningside Heights-Hamilton Heights,,MN09 Morningside Heights-Hamilton Heights (CD 9 Equivalent)
MN10,mn10,110,4110,FALSE,6110,061,1,Manhattan,Community District 10,Harlem,,MN10 Harlem (CD 10 Equivalent)
MN11,mn11,111,4111,FALSE,6111,061,1,Manhattan,Community District 11,East Harlem,,MN11 East Harlem (CD 11 Equivalent)
MN12,mn12,112,4112,FALSE,6112,061,1,Manhattan,Community District 12,Washington Heights-Inwood,,MN12 Washington Heights-Inwood (CD 12 Equivalent)
QN01,q01,401,4401,FALSE,8101,081,4,Queens,Community District 1,Astoria-Queensbridge,,QN01 Astoria-Queensbridge (CD 1 Equivalent)
QN02,q02,402,4402,FALSE,8102,081,4,Queens,Community District 2,Long Island City-Sunnyside-Woodside,,QN02 Long Island City-Sunnyside-Woodside (CD 2 Approximation)
QN03,q03,403,4403,FALSE,8103,081,4,Queens,Community District 3,Jackson Heights-East Elmhurst,,QN03 Jackson Heights-East Elmhurst (CD 3 Approximation)
QN04,q04,404,4404,FALSE,8104,081,4,Queens,Community District 4,Elmhurst-Corona,,QN04 Elmhurst-Corona (CD 4 Approximation)
QN05,q05,405,4405,FALSE,8105,081,4,Queens,Community District 5,Ridgewood-Maspeth-Middle Village,,QN05 Ridgewood-Maspeth-Middle Village (CD 5 Approximation)
QN06,q06,406,4406,FALSE,8106,081,4,Queens,Community District 6,Forest Hills-Rego Park,,QN06 Forest Hills-Rego Park (CD 6 Approximation)
QN07,q07,407,4407,FALSE,8107,081,4,Queens,Community District 7,Flushing-Murray Hill-Whitestone,,QN07 Flushing-Murray Hill-Whitestone (CD 7 Approximation)
QN08,q08,408,4408,FALSE,8108,081,4,Queens,Community District 8,Fresh Meadows-Hillcrest-Briarwood,,QN08 Fresh Meadows-Hillcrest-Briarwood (CD 8 Approximation)
QN09,q09,409,4409,FALSE,8109,081,4,Queens,Community District 9,Kew Gardens-Richmond Hill-Woodhaven,,QN09 Kew Gardens-Richmond Hill-Woodhaven (CD 9 Approximation)
QN10,q10,410,4410,FALSE,8110,081,4,Queens,Community District 10,South Ozone Park-Howard Beach,,QN10 South Ozone Park-Howard Beach (CD 10 Approximation)
QN11,q11,411,4411,FALSE,8111,081,4,Queens,Community District 11,Auburndale-Bayside-Douglaston,,QN11 Auburndale-Bayside-Douglaston (CD 11 Approximation)
QN12,q12,412,4412,FALSE,8112,081,4,Queens,Community District 12,Jamaica-St. Albans-Hollis,,QN12 Jamaica-St. Albans-Hollis (CD 12 Approximation)
QN13,q13,413,4413,FALSE,8113,081,4,Queens,Community District 13,Queens Village-Bellerose-Rosedale,,QN13 Queens Village-Bellerose-Rosedale (CD 13 Approximation)
QN14,q14,414,4414,FALSE,8114,081,4,Queens,Community District 14,The Rockaways,FRANC,QN14 The Rockaways (CD 14 Approximation)
SI01,si01,501,4501,FALSE,8501,085,5,Staten Island,Community District 1,North Shore,,SI01 North Shore (CD 1 Equivalent)
SI02,si02,502,4502,FALSE,8502,085,5,Staten Island,Community District 2,Mid-Island,,SI02 Mid-Island (CD 2 Approximation)
SI03,si03,503,4503,FALSE,8503,085,5,Staten Island,Community District 3,South Shore,,SI03 South Shore (CD 3 Approximation)
